palabra_A,palabra_B,palabra_final,distancia,tipo,attractor_id,basin_size
marizamos,enriqueños,embolismaria,0.5437,new_attractor,0,1
chofereara,despelucarais,embolismaria,0.5436,convergent,0,2
talleras,segueteaseis,embolismaria,0.5436,convergent,0,3
guarieseis,viseras,cobrados,0.3755,new_attractor,1,1
impacientarian,isidros,cobrados,0.3755,convergent,1,2
guanana,combatiria,embolismaria,0.5436,convergent,0,4
atunes,elogiadoras,cobrados,0.3756,convergent,1,3
cambalachera,retorico,cobrados,0.3760,convergent,1,4
alumbrases,desfalleciste,embolismaria,0.5435,convergent,0,5
ataño,acharolabais,embolismaria,0.5437,convergent,0,6
enzalamariais,remanamos,cobrados,0.3753,convergent,1,5
holease,abrillantad,embolismaria,0.5437,convergent,0,7
tunguses,indultar,cobrados,0.3758,convergent,1,6
esculpieres,chinchinean,embolismaria,0.5436,convergent,0,8
achantara,guasabea,cobrados,0.3758,convergent,1,7
huaquearais,salmabamos,cobrados,0.3752,convergent,1,8
basten,cativo,cobrados,0.3756,convergent,1,9
cañearia,pispilearen,embolismaria,0.5435,convergent,0,9
penara,electrocutarais,embolismaria,0.5436,convergent,0,10
azotares,temere,embolismaria,0.5436,convergent,0,11
putones,arfada,cobrados,0.3753,convergent,1,10
eraren,italianizantes,embolismaria,0.5436,convergent,0,12
perforaramos,loteas,cobrados,0.3756,convergent,1,11
ferroviarias,inmunice,cobrados,0.3756,convergent,1,12
resplandores,chacharee,embolismaria,0.5451,convergent,0,13
ennoviamos,davalariamos,cobrados,0.3756,convergent,1,13
socarraban,conflagraciones,embolismaria,0.5437,convergent,0,14
injirierais,aperdigan,cobrados,0.3753,convergent,1,14
falsaremos,brollarais,embolismaria,0.5436,convergent,0,15
entradora,gateria,cobrados,0.3755,convergent,1,15
aldaba,tramariamos,embolismaria,0.5437,convergent,0,16
glasea,chunchoso,embolismaria,0.5437,convergent,0,17
atramento,enjabaren,embolismaria,0.5438,convergent,0,18
hampa,chillaras,cobrados,0.3755,convergent,1,16
patrocinados,izquierdearas,cobrados,0.3757,convergent,1,17
acardenalaste,bigaros,embolismaria,0.5438,convergent,0,19
graneis,laxareis,embolismaria,0.5437,convergent,0,20
motilemos,permisora,cobrados,0.3755,convergent,1,18
resurgiendo,acautelaba,cobrados,0.3777,convergent,1,19
enchicaria,vacaras,embolismaria,0.5436,convergent,0,21
emplastezcamos,escaldados,cobrados,0.3754,convergent,1,20
abarrancaras,zuñia,embolismaria,0.5437,convergent,0,22
hincaste,enconos,embolismaria,0.5437,convergent,0,23
acartone,alijes,embolismaria,0.5436,convergent,0,24
rebatiamos,desojaban,cobrados,0.4047,new_attractor,2,1
abobamos,frenando,cobrados,0.3720,convergent,1,21
descerezaremos,desencerrada,cobrados,0.3753,convergent,1,22
vidajeneamos,dulzamara,embolismaria,0.5436,convergent,0,25
camochaste,entusiasmarias,cobrados,0.3719,convergent,1,23
entreuntarian,pitote,cobrados,0.3747,convergent,1,24
descrismares,desvergonzas,cobrados,0.3768,convergent,1,25
chucanead,masienos,embolismaria,0.5437,convergent,0,26
himparon,proliferaremos,cobrados,0.3744,convergent,1,26
morigerariamos,moderna,embolismaria,0.5438,convergent,0,27
contraindican,espolvorizabais,embolismaria,0.5437,convergent,0,28
anoleis,apuñados,embolismaria,0.5437,convergent,0,29
fantaseadores,risoteasteis,cobrados,0.3757,convergent,1,27
malgastarian,alargue,cobrados,0.3760,convergent,1,28
robalo,destorceremos,cobrados,0.3753,convergent,1,29
contractivas,telefonazos,embolismaria,0.5437,convergent,0,30
desmamparar,entrelazar,cobrados,0.3799,convergent,1,30
prodigados,redijereis,cobrados,0.3757,convergent,1,31
esturreados,empodrecieses,embolismaria,0.5435,convergent,0,31
maquetista,leila,cobrados,0.3744,convergent,1,32
contundiese,desjugaramos,embolismaria,0.5436,convergent,0,32
juntaren,convoyases,embolismaria,0.5437,convergent,0,33
juba,momificaron,embolismaria,0.5436,convergent,0,34
arenilleros,empañasemos,embolismaria,0.5437,convergent,0,35
fiana,desempalmara,embolismaria,0.5439,convergent,0,36
empino,retes,embolismaria,0.5441,convergent,0,37
sinterizaren,gangrenamos,cobrados,0.3664,convergent,1,33
ambicionaban,mohatrarais,cobrados,0.3761,convergent,1,34
cosificariais,sotan,cobrados,0.3754,convergent,1,35
mariposeais,apontocaran,embolismaria,0.5436,convergent,0,38
abaluartad,enchuches,cobrados,0.3759,convergent,1,36
señalizariamos,licitareis,cobrados,0.3755,convergent,1,37
convidarian,corporiza,embolismaria,0.5436,convergent,0,39
tiranico,machacareis,cobrados,0.3755,convergent,1,38
paloteos,alaciabas,embolismaria,0.5437,convergent,0,40
trepanan,remanaren,embolismaria,0.5437,convergent,0,41
orcheliano,escarbasemos,cobrados,0.3755,convergent,1,39
centesima,afianzando,cobrados,0.3754,convergent,1,40
absorbiesemos,admisiones,embolismaria,0.5437,convergent,0,42
duleros,descoloren,embolismaria,0.5436,convergent,0,43
entablillemos,pecoreasemos,embolismaria,0.5436,convergent,0,44
cracoviano,pedantescas,embolismaria,0.5436,convergent,0,45
inoculaciones,relentecisteis,embolismaria,0.5444,convergent,0,46
desamistas,estabulo,cobrados,0.3753,convergent,1,41
rembolsan,apacharon,embolismaria,0.5436,convergent,0,47
compartierais,desterneraste,cobrados,0.3747,convergent,1,42
contralizos,maruecos,cobrados,0.3763,convergent,1,43
distendais,prenotaban,cobrados,0.3770,convergent,1,44
diazotado,burrajeamos,embolismaria,0.5466,new_attractor,3,1
santiguadoras,guataquearias,embolismaria,0.5431,convergent,0,48
desubstanciados,crocita,embolismaria,0.5436,convergent,0,49
aindieis,achumicasen,embolismaria,0.5438,convergent,0,50
arrellanasen,alforrochaban,cobrados,0.3755,convergent,1,45
remesasteis,osteomielitis,cobrados,0.3756,convergent,1,46
arranara,apucuyais,cobrados,0.3760,convergent,1,47
volantearias,desimantasemos,embolismaria,0.5437,convergent,0,51
notaseis,atesorariamos,embolismaria,0.5437,convergent,0,52
desforceis,repiensas,embolismaria,0.5436,convergent,0,53
varear,papayal,cobrados,0.3756,convergent,1,48
empañetaremos,sobrellavan,embolismaria,0.5437,convergent,0,54
frices,margaste,embolismaria,0.5437,convergent,0,55
antediluvianos,aburaran,embolismaria,0.5436,convergent,0,56
avituallares,quejumbra,embolismaria,0.5437,convergent,0,57
mistificad,lotificarias,embolismaria,0.5437,convergent,0,58
recuentos,desemparejado,cobrados,0.3764,convergent,1,49
lacerariais,plastificaran,embolismaria,0.5436,convergent,0,59
pezoneras,hacejeras,embolismaria,0.5436,convergent,0,60
murriabas,sovietizad,cobrados,0.3753,convergent,1,50
achuntase,difumabas,cobrados,0.3753,convergent,1,51
carburaren,puyaseis,embolismaria,0.5437,convergent,0,61
chupilcas,apendejeasen,cobrados,0.3745,convergent,1,52
albur,torpedistas,embolismaria,0.5437,convergent,0,62
tiznaremos,vinculaseis,embolismaria,0.5437,convergent,0,63
desacordamos,destejaseis,cobrados,0.3757,convergent,1,53
circuncidadas,resellarias,embolismaria,0.5437,convergent,0,64
apacharemos,pasaturo,cobrados,0.3758,convergent,1,54
fotoconductoras,amanerareis,embolismaria,0.5434,convergent,0,65
calcinabamos,caseica,cobrados,0.3658,convergent,1,55
culipandearian,curioseos,cobrados,0.3736,convergent,1,56
subministrada,maullaron,cobrados,0.3755,convergent,1,57
reimprimisteis,descorrieremos,embolismaria,0.5436,convergent,0,66
destripacuentos,botalomo,embolismaria,0.5436,convergent,0,67
desmaneo,espeluznariais,embolismaria,0.5433,convergent,0,68
expulso,bribon,cobrados,0.3758,convergent,1,58
faldudas,escarbasemos,cobrados,0.3737,convergent,1,59
venereologo,emballestes,cobrados,0.3783,convergent,1,60
pretexto,elogiaron,cobrados,0.3755,convergent,1,61
titiritaren,descomiese,cobrados,0.3757,convergent,1,62
titiritaren,soberaneo,cobrados,0.3758,convergent,1,63
terencos,rechinabamos,cobrados,0.3761,convergent,1,64
crinar,desahoga,cobrados,0.3691,convergent,1,65
ostentoso,recabita,cobrados,0.3764,convergent,1,66
bombardee,caracterizarian,afianzadas,0.5570,new_attractor,4,1
amueblais,recuperadoras,cobrados,0.3759,convergent,1,67
llorera,masicos,embolismaria,0.5437,convergent,0,69
pretexte,regleteariais,cobrados,0.3753,convergent,1,68
bracead,exfoliareis,embolismaria,0.5437,convergent,0,70
pugnases,octavases,cobrados,0.3692,convergent,1,69
eximido,repucharia,embolismaria,0.5437,convergent,0,71
deshidratar,patayes,cobrados,0.3770,convergent,1,70
cuadriplicabas,destetais,cobrados,0.3752,convergent,1,71
quedabais,jambraramos,cobrados,0.3756,convergent,1,72
heteronoma,rodajeada,embolismaria,0.5436,convergent,0,72
sintetizo,entrujabas,embolismaria,0.5436,convergent,0,73
debocaria,engurruñemos,cobrados,0.3749,convergent,1,73
astuciosos,nicaragua,cobrados,0.3695,convergent,1,74
computado,regocijaramos,embolismaria,0.5437,convergent,0,74
desinclinando,amuñuñaramos,embolismaria,0.5435,convergent,0,75
desempolvaseis,subentendiamos,embolismaria,0.5438,convergent,0,76
pilotearia,galle,cobrados,0.3767,convergent,1,75
fabrique,despostados,cobrados,0.3756,convergent,1,76
trascorde,alotaste,cobrados,0.3746,convergent,1,77
salitrera,reluchariais,cobrados,0.3778,convergent,1,78
mayorearais,agobiamos,embolismaria,0.5436,convergent,0,77
achulapara,anzolaran,cobrados,0.3821,convergent,1,79
descontagiando,balacearas,cobrados,0.3756,convergent,1,80
farreabamos,destorcerian,cobrados,0.3734,convergent,1,81
apencaremos,releeremos,embolismaria,0.5440,convergent,0,78
abogareis,abuzases,embolismaria,0.5436,convergent,0,79
engusanan,espartase,cobrados,0.3757,convergent,1,82
querellas,atarragases,embolismaria,0.5436,convergent,0,80
antropomorficos,crisolitos,cobrados,0.3756,convergent,1,83
aseglarara,mancipe,embolismaria,0.5437,convergent,0,81
nutuales,desmalezaba,embolismaria,0.5437,convergent,0,82
remugues,unci,embolismaria,0.5437,convergent,0,83
encebollabamos,electronegativo,embolismaria,0.5437,convergent,0,84
erguias,horoscopos,embolismaria,0.5436,convergent,0,85
rebombo,desagraviasteis,cobrados,0.3754,convergent,1,84
enhorqueteis,aventado,embolismaria,0.5436,convergent,0,86
cherchareis,carraña,embolismaria,0.5436,convergent,0,87
revalues,malvended,cobrados,0.3775,convergent,1,85
homeotermos,remoldemos,cobrados,0.3756,convergent,1,86
entubaban,engrifamos,embolismaria,0.5436,convergent,0,88
encabrestad,resquebrais,cobrados,0.3761,convergent,1,87
encamarabais,pesadora,cobrados,0.3749,convergent,1,88
restregones,sincopaban,cobrados,0.3757,convergent,1,89
reales,antecogiera,cobrados,0.3752,convergent,1,90
filtre,calcinaremos,embolismaria,0.5436,convergent,0,89
pendraban,enlamados,cobrados,0.3722,convergent,1,91
erigen,marinaba,embolismaria,0.5437,convergent,0,90
sesentona,sedeasemos,embolismaria,0.5436,convergent,0,91
tallecerias,apochases,embolismaria,0.5435,convergent,0,92
malparaseis,sufusion,cobrados,0.3769,convergent,1,92
postilarais,desgarbada,embolismaria,0.5436,convergent,0,93
felparon,engargoladas,embolismaria,0.5437,convergent,0,94
aspillad,entregue,cobrados,0.3749,convergent,1,93
almadearias,ennoviarais,embolismaria,0.5436,convergent,0,95
serpollais,avieso,embolismaria,0.5436,convergent,0,96
enclaustraran,curvariais,cobrados,0.3737,convergent,1,94
consectario,campano,cobrados,0.3768,convergent,1,95
bozaleas,afeitan,cobrados,0.3751,convergent,1,96
machete,encelleis,embolismaria,0.5437,convergent,0,97
descogieron,recusaba,embolismaria,0.5436,convergent,0,98
acurrullara,marimbera,cobrados,0.3812,convergent,1,97
desempernara,malladar,cobrados,0.3758,convergent,1,98
pajareas,deschuponase,embolismaria,0.5437,convergent,0,99
sondeasteis,remillon,cobrados,0.3760,convergent,1,99
triscadora,mingariamos,cobrados,0.3380,new_attractor,5,1
constriñas,embanquetados,embolismaria,0.5436,convergent,0,100
hidratacion,custodios,cobrados,0.3791,convergent,1,100
matonearias,señalizares,embolismaria,0.5435,convergent,0,101
resucitarian,juramentos,embolismaria,0.5437,convergent,0,102
tosiamos,metalizas,embolismaria,0.5437,convergent,0,103
expansionemos,abarcuzaron,cobrados,0.3751,convergent,1,101
talado,encellabamos,embolismaria,0.5437,convergent,0,104
insatisfactorio,acatamientos,cobrados,0.3755,convergent,1,102
agardamariais,humillo,embolismaria,0.5435,convergent,0,105
herretease,removieres,embolismaria,0.5434,convergent,0,106
chillaras,ominare,cobrados,0.3749,convergent,1,103
descarriaste,acerbidad,cobrados,0.3759,convergent,1,104
regimentaramos,golmajas,embolismaria,0.5436,convergent,0,107
pereceara,desflecando,embolismaria,0.5433,convergent,0,108
cabalgaban,remecia,embolismaria,0.5439,convergent,0,109
restrinjamos,invariables,embolismaria,0.5437,convergent,0,110
cenicienta,descabaladas,embolismaria,0.5436,convergent,0,111
carnavaleado,cuillando,cobrados,0.3755,convergent,1,105
huevares,solaceasen,cobrados,0.3756,convergent,1,106
enmagrecera,suplementarios,embolismaria,0.5436,convergent,0,112
compungiendo,tacacos,embolismaria,0.5436,convergent,0,113
retada,singulariza,cobrados,0.3765,convergent,1,107
flotas,apergolladas,embolismaria,0.5437,convergent,0,114
desentalingada,avituallarian,cobrados,0.3757,convergent,1,108
congelarias,despeaseis,embolismaria,0.5436,convergent,0,115
preexistiendo,topineras,cobrados,0.3755,convergent,1,109
clamar,emparcharia,rollaba,0.4917,new_attractor,6,1
cordinos,amasias,embolismaria,0.5436,convergent,0,116
mediodias,malparemos,cobrados,0.3699,convergent,1,110
milesios,artigais,cobrados,0.3748,convergent,1,111
sacralizas,gorgorearen,embolismaria,0.5436,convergent,0,117
voltarias,transfirieremos,embolismaria,0.5435,convergent,0,118
entecamos,imbricarian,cobrados,0.3755,convergent,1,112
galofilo,aconchabaseis,embolismaria,0.5436,convergent,0,119
gemiquearen,decuplaran,embolismaria,0.5436,convergent,0,120
embolsareis,culminareis,cobrados,0.3753,convergent,1,113
albardeadas,nivelasen,embolismaria,0.5437,convergent,0,121
oficies,recuadre,cobrados,0.3753,convergent,1,114
deslumbrarias,vendran,embolismaria,0.5436,convergent,0,122
enlejiarais,gangoso,cobrados,0.3759,convergent,1,115
lotizaron,apotegma,cobrados,0.3745,convergent,1,116
tablaramos,soldadote,cobrados,0.3758,convergent,1,117
regaifa,zurriago,cobrados,0.3752,convergent,1,118
paradina,fotutearian,embolismaria,0.5436,convergent,0,123
detuvieron,retorteros,cobrados,0.3758,convergent,1,119
levantando,legalizaciones,cobrados,0.3760,convergent,1,120
destejarian,invaginaseis,embolismaria,0.5436,convergent,0,124
barritad,demarrara,cobrados,0.3759,convergent,1,121
bufoneabas,zumbada,embolismaria,0.5436,convergent,0,125
subitas,cabremos,embolismaria,0.5436,convergent,0,126
manumitiremos,ayudaren,embolismaria,0.5432,convergent,0,127
dormiria,enclocarias,cobrados,0.3757,convergent,1,122
chismoseen,apucuyare,cobrados,0.3756,convergent,1,123
sobreimprimiste,coartaras,cobrados,0.3763,convergent,1,124
meteorologias,trasmitidas,cobrados,0.3734,convergent,1,125
emberretinaseis,distribuiremos,cobrados,0.3758,convergent,1,126
contramarchen,sobrecreced,embolismaria,0.5430,convergent,0,128
alinderaremos,fratacheis,cobrados,0.3755,convergent,1,127
alborotare,foraminiferos,cobrados,0.3618,convergent,1,128
transportabais,cucharian,embolismaria,0.5438,convergent,0,129
testarudo,trasminado,embolismaria,0.5436,convergent,0,130
renazcais,circundantes,cobrados,0.3759,convergent,1,129
vistease,almuerzo,cobrados,0.3754,convergent,1,130
libelos,corografos,embolismaria,0.5434,convergent,0,131
tonsuraras,inflamasen,embolismaria,0.5431,convergent,0,132
engoznaramos,calvaria,cobrados,0.3715,convergent,1,131
tremiendo,connacionales,embolismaria,0.5432,convergent,0,133
chivarias,interpreta,embolismaria,0.5437,convergent,0,134
remesasteis,mostraria,cobrados,0.3756,convergent,1,132
semblanteado,desmadraste,cobrados,0.3751,convergent,1,133
gañimos,croscitad,cobrados,0.3760,convergent,1,134
manqueais,quebrajara,embolismaria,0.5437,convergent,0,135
chillariamos,readmitieran,embolismaria,0.5437,convergent,0,136
circuncidaria,achucuyaseis,embolismaria,0.5437,convergent,0,137
castaños,seducid,embolismaria,0.5436,convergent,0,138
enguantaria,permeases,cobrados,0.3759,convergent,1,135
enmelas,cabrillearamos,embolismaria,0.5437,convergent,0,139
indizabais,campeaste,embolismaria,0.5436,convergent,0,140
magreare,escarice,embolismaria,0.5436,convergent,0,141
tejoloteases,retocareis,embolismaria,0.5436,convergent,0,142
michinos,enjaguado,cobrados,0.3747,convergent,1,136
exoticidades,montanearais,cobrados,0.3744,convergent,1,137
debatio,atribulabas,embolismaria,0.5438,convergent,0,143
desarropais,atufabamos,embolismaria,0.5436,convergent,0,144
lapidarian,prepotentes,cobrados,0.3754,convergent,1,138
intruseis,parturiente,embolismaria,0.5438,convergent,0,145
charquican,apochare,embolismaria,0.5437,convergent,0,146
palmadillas,misionar,cobrados,0.3755,convergent,1,139
oficializara,gladiatorio,embolismaria,0.5436,convergent,0,147
adehesada,arranciaseis,cobrados,0.3751,convergent,1,140
turnariamos,estructurasen,cobrados,0.3729,convergent,1,141
adoquinan,constarais,embolismaria,0.5437,convergent,0,148
meandros,cocines,embolismaria,0.5436,convergent,0,149
raiza,permanezcamos,embolismaria,0.5436,convergent,0,150
escullera,depurasen,embolismaria,0.5436,convergent,0,151
recosais,garrobeabas,embolismaria,0.5436,convergent,0,152
centraseis,ralbes,embolismaria,0.5436,convergent,0,153
autorizase,podremos,cobrados,0.3758,convergent,1,142
maniatasteis,rebullo,embolismaria,0.5436,convergent,0,154
siluetais,achocharon,cobrados,0.3753,convergent,1,143
grecolatino,chufletee,embolismaria,0.5435,convergent,0,155
terciariais,camotearamos,cobrados,0.3740,convergent,1,144
copilen,desentumeciais,cobrados,0.3756,convergent,1,145
destajaremos,chicharreases,cobrados,0.3761,convergent,1,146
oimiento,ponderaste,cobrados,0.3758,convergent,1,147
soneteariamos,mariposeais,embolismaria,0.5435,convergent,0,156
edrisi,ritmeis,cobrados,0.3760,convergent,1,148
temeria,aislante,cobrados,0.3645,convergent,1,149
optimizamos,añoro,cobrados,0.3756,convergent,1,150
permeasemos,puntiseques,embolismaria,0.5517,new_attractor,7,1
eternizasteis,clausurad,cobrados,0.3753,convergent,1,151
retacada,revivifica,cobrados,0.3753,convergent,1,152
cunariais,cancelaste,embolismaria,0.5437,convergent,0,157
anidara,lazaren,embolismaria,0.5436,convergent,0,158
maritimas,eyacula,embolismaria,0.5436,convergent,0,159
encabrestas,isquiatico,cobrados,0.3758,convergent,1,153
acabangamos,calabocero,cobrados,0.3759,convergent,1,154
cascamajabas,espiraran,embolismaria,0.5437,convergent,0,160
sentiste,chapinizabas,embolismaria,0.5437,convergent,0,161
gandujando,arredrad,cobrados,0.3756,convergent,1,155
atrafagar,avezan,embolismaria,0.5436,convergent,0,162
paracentesis,descuelgue,cobrados,0.3755,convergent,1,156
redigas,putones,cobrados,0.3396,convergent,5,2
orinecieras,redrojasteis,cobrados,0.3752,convergent,1,157
afalagados,solemnizaren,cobrados,0.3725,convergent,1,158
intriguemos,aclaratorias,cobrados,0.3752,convergent,1,159
cartereares,golpetearemos,embolismaria,0.5436,convergent,0,163
mixtifican,apuñalabamos,cobrados,0.3673,convergent,1,160
apicaro,asimilase,embolismaria,0.5437,convergent,0,164
capirotado,achatarrar,cobrados,0.3754,convergent,1,161
daguerreotipos,provenzalistas,cobrados,0.3759,convergent,1,162
bachillerarias,himenopteros,embolismaria,0.5437,convergent,0,165
desorientaras,remembrados,cobrados,0.3757,convergent,1,163
sompesemos,zafaban,cobrados,0.3755,convergent,1,164
chocheabas,barruntaras,embolismaria,0.5436,convergent,0,166
samblaje,manoseada,embolismaria,0.5436,convergent,0,167
burusca,abejeaseis,embolismaria,0.5437,convergent,0,168
rebullirian,serruchadas,embolismaria,0.5437,convergent,0,169
llovi,enlentecieses,embolismaria,0.5437,convergent,0,170
dovelariamos,remansas,embolismaria,0.5437,convergent,0,171
matematica,engomada,cobrados,0.3779,convergent,1,165
judicial,aborronareis,cobrados,0.3753,convergent,1,166
amure,maquilariamos,cobrados,0.3818,convergent,1,167
desenguaraquen,añadiere,embolismaria,0.5436,convergent,0,172
raiza,desramasteis,embolismaria,0.5436,convergent,0,173
sobrecenaren,reflexologia,embolismaria,0.5437,convergent,0,174
sextuplicar,avivaron,cobrados,0.3763,convergent,1,168
prostituisteis,reoctavara,cobrados,0.3766,convergent,1,169
chuchares,perturbarian,embolismaria,0.5436,convergent,0,175
acollone,engaitais,embolismaria,0.5435,convergent,0,176
engarbullares,desproveyeran,cobrados,0.3747,convergent,1,170
gacetable,despotricasen,cobrados,0.3761,convergent,1,171
aguzadero,desempachas,embolismaria,0.5434,convergent,0,177
superentendiese,cefrado,embolismaria,0.5437,convergent,0,178
acecinaramos,desaparcabamos,embolismaria,0.5437,convergent,0,179
campeonaras,sectoriales,embolismaria,0.5436,convergent,0,180
aprestes,raiz,cobrados,0.3760,convergent,1,172
acicalases,parangonare,cobrados,0.3748,convergent,1,173
entroncarais,replegar,cobrados,0.3762,convergent,1,174
poblare,huisacheras,cobrados,0.3753,convergent,1,175
fila,mordiscaren,cobrados,0.3758,convergent,1,176
reobrasteis,ensolvisteis,cobrados,0.3756,convergent,1,177
pediatria,divirtieseis,embolismaria,0.5435,convergent,0,181
regenteamos,descabalgabais,embolismaria,0.5437,convergent,0,182
entongada,ahincaras,cobrados,0.3556,new_attractor,8,1
truhaneariamos,enseraban,cobrados,0.3758,convergent,1,178
empercudio,enfuriaran,cobrados,0.3759,convergent,1,179
rezongaria,señalizais,cobrados,0.3756,convergent,1,180
estampillad,preclaro,embolismaria,0.5437,convergent,0,183
circuncidabais,desamorticeis,embolismaria,0.5438,convergent,0,184
implantabas,roseis,embolismaria,0.5437,convergent,0,185
saquerias,desplomabais,cobrados,0.3785,convergent,1,181
demediasemos,empelare,cobrados,0.3754,convergent,1,182
estamineos,travesearian,embolismaria,0.5436,convergent,0,186
ferroviarias,simpatetico,cobrados,0.3742,convergent,1,183
rebalsarias,abochornando,cobrados,0.3755,convergent,1,184
vinateros,adormecere,cobrados,0.3758,convergent,1,185
martirio,pandanacea,embolismaria,0.5439,convergent,0,187
bajoneabais,comprimido,embolismaria,0.5437,convergent,0,188
novelos,aherrojaria,embolismaria,0.5436,convergent,0,189
fanerogamas,corporeo,cobrados,0.3759,convergent,1,186
opugnar,electrocutemos,embolismaria,0.5436,convergent,0,190
apalanco,adeudes,cobrados,0.3758,convergent,1,187
criminalizar,pendian,cobrados,0.3755,convergent,1,188
amorcabas,encarpetad,embolismaria,0.5436,convergent,0,191
esparragales,cangallases,cobrados,0.3754,convergent,1,189
riel,lexica,cobrados,0.3848,convergent,1,190
trasfiriesemos,ensandecieron,cobrados,0.3734,convergent,1,191
pispilearen,tripudien,embolismaria,0.5437,convergent,0,192
amoheciesen,sobredichas,cobrados,0.3730,convergent,1,192
cosificaren,recapacitaramos,embolismaria,0.5436,convergent,0,193
hulead,emerja,cobrados,0.3757,convergent,1,193
escuridad,abollan,cobrados,0.3753,convergent,1,194
correales,aprecieis,cobrados,0.3757,convergent,1,195
retumbasteis,amacollasteis,embolismaria,0.5436,convergent,0,194
estrellase,chirigoteabamos,cobrados,0.3964,convergent,2,2
propinada,desencabestrais,embolismaria,0.5437,convergent,0,195
deselectrizamos,revoltones,cobrados,0.3754,convergent,1,196
bufasen,destusada,cobrados,0.3756,convergent,1,197
costeabas,azulejos,embolismaria,0.5436,convergent,0,196
ajustador,tembleteare,embolismaria,0.5436,convergent,0,197
zalamo,sublimidad,cobrados,0.3698,convergent,1,198
culpen,departieremos,cobrados,0.3753,convergent,1,199
detectarais,abaluartarais,cobrados,0.3753,convergent,1,200
agrava,hipertrofiaban,embolismaria,0.5436,convergent,0,198
lambisque,cangariamos,embolismaria,0.5437,convergent,0,199
asqueas,despezando,embolismaria,0.5436,convergent,0,200
monedad,narramos,embolismaria,0.5436,convergent,0,201
pijuyos,desapareareis,cobrados,0.3757,convergent,1,201
culpabilizaba,prosificados,embolismaria,0.5435,convergent,0,202
aguitarias,hidrosfera,embolismaria,0.5436,convergent,0,203
macollaban,monomio,embolismaria,0.5436,convergent,0,204
ñampeeis,ralas,embolismaria,0.5436,convergent,0,205
autentificases,condenasteis,cobrados,0.3755,convergent,1,202
mancomunares,respeluzares,embolismaria,0.5439,convergent,0,206
encharcaran,vacunara,cobrados,0.3755,convergent,1,203
apretaron,figuraron,embolismaria,0.5433,convergent,0,207
poetizaremos,teotihuacana,embolismaria,0.5436,convergent,0,208
bearnes,falseadora,embolismaria,0.5437,convergent,0,209
avejentaron,batidas,embolismaria,0.5437,convergent,0,210
comadrita,amancebo,embolismaria,0.5436,convergent,0,211
yunguyina,aniquiladas,cobrados,0.3756,convergent,1,204
despavesareis,enfotaron,cobrados,0.3756,convergent,1,205
enrama,esopicas,embolismaria,0.5437,convergent,0,212
alfalfabais,prorratea,cobrados,0.3755,convergent,1,206
anonadabais,desapasionado,cobrados,0.3761,convergent,1,207
infinitos,tejoloteasteis,cobrados,0.3756,convergent,1,208
evertidas,redituaseis,embolismaria,0.5437,convergent,0,213
commelinaceas,mangajo,cobrados,0.3762,convergent,1,209
abejeaseis,entrecomillase,embolismaria,0.5437,convergent,0,214
abitaque,bagrero,cobrados,0.3459,convergent,8,2
chicheaban,encopetaras,embolismaria,0.5436,convergent,0,215
colar,tambaleantes,cobrados,0.3755,convergent,1,210
calcetando,interpondreis,embolismaria,0.5443,convergent,0,216
zambutisteis,soñaste,embolismaria,0.5436,convergent,0,217
energizan,morteros,embolismaria,0.5437,convergent,0,218
desaderezan,romanzaron,embolismaria,0.5436,convergent,0,219
reedifiques,cloqueasen,embolismaria,0.5436,convergent,0,220
venadee,agermanare,embolismaria,0.5436,convergent,0,221
desgaritaran,habilitarias,cobrados,0.3757,convergent,1,211
legaciones,acecinaria,cobrados,0.3758,convergent,1,212
pegajosas,miccionaban,cobrados,0.3760,convergent,1,213
devolutiva,autorizasen,cobrados,0.3728,convergent,1,214
rebramare,desenjalmaremos,cobrados,0.3757,convergent,1,215
ahogamientos,plaquines,embolismaria,0.5436,convergent,0,222
ensacariais,manteñas,cobrados,0.3755,convergent,1,216
galvanizariamos,jugad,cobrados,0.3755,convergent,1,217
martillados,concientizadas,embolismaria,0.5436,convergent,0,223
pretendieses,pestalociano,embolismaria,0.5436,convergent,0,224
averguencen,embarbillaran,embolismaria,0.5438,convergent,0,225
tolerada,embridabamos,cobrados,0.3761,convergent,1,218
tronzadas,entrecomillen,cobrados,0.3754,convergent,1,219
rebañadura,arguellado,embolismaria,0.5437,convergent,0,226
pachanguee,predominasemos,embolismaria,0.5436,convergent,0,227
desnucabamos,lambruceareis,cobrados,0.3773,convergent,1,220
parafrastico,desvencijadas,cobrados,0.3756,convergent,1,221
concluyeren,roraba,cobrados,0.3736,convergent,1,222
morigeraras,desmirlada,embolismaria,0.5436,convergent,0,228
anormal,galega,embolismaria,0.5435,convergent,0,229
desencresparias,desembragueis,cobrados,0.3756,convergent,1,223
carcavinaremos,adicionariamos,embolismaria,0.5437,convergent,0,230
remesasteis,postilaseis,cobrados,0.3758,convergent,1,224
sonruedan,enconreaba,puparemos,0.4495,new_attractor,9,1
varetas,henascos,embolismaria,0.5437,convergent,0,231
desahijariamos,desunciais,cobrados,0.3750,convergent,1,225
amotetaseis,bermejuras,cobrados,0.3756,convergent,1,226
flagele,geladas,cobrados,0.3745,convergent,1,227
atediaran,desprivatizaste,embolismaria,0.5436,convergent,0,232
embermejecieras,barbotares,cobrados,0.3755,convergent,1,228
herbolaremos,acerillos,embolismaria,0.5436,convergent,0,233
hulla,amorfia,cobrados,0.3754,convergent,1,229
surgisteis,democratizad,embolismaria,0.5437,convergent,0,234
alhabegas,autonomos,embolismaria,0.5436,convergent,0,235
amarrarais,orifica,embolismaria,0.5438,convergent,0,236
acanalla,joule,embolismaria,0.5437,convergent,0,237
aprisque,enhebilleis,embolismaria,0.5437,convergent,0,238
escobazado,espurrais,cobrados,0.3750,convergent,1,230
aguijar,atomizan,cobrados,0.3764,convergent,1,231
fragiles,seropositiva,embolismaria,0.5436,convergent,0,239
angevino,jalabais,cobrados,0.3882,convergent,2,3
recluyendo,jofaina,cobrados,0.3766,convergent,1,232
apiporrando,aporqueis,embolismaria,0.5436,convergent,0,240
soasariais,alampaba,embolismaria,0.5437,convergent,0,241
enladrillabamos,decantaban,embolismaria,0.5436,convergent,0,242
endehesad,desvivieres,embolismaria,0.5437,convergent,0,243
bandrullo,entrante,cobrados,0.3751,convergent,1,233
arranchase,partearas,cobrados,0.3881,convergent,2,4
aprobado,operisticas,embolismaria,0.5436,convergent,0,244
chunguea,martillasteis,cobrados,0.3688,convergent,1,234
apaciguases,cometiereis,cobrados,0.3706,convergent,1,235
empanais,enceguecida,embolismaria,0.5437,convergent,0,245
manojees,dormiran,embolismaria,0.5437,convergent,0,246
cicutinas,plagosos,cobrados,0.3750,convergent,1,236
sopie,tarazases,cobrados,0.3792,convergent,1,237
moscabais,jiñando,embolismaria,0.5436,convergent,0,247
reinsertabamos,cogeneracion,embolismaria,0.5437,convergent,0,248
quimerizaremos,corregir,embolismaria,0.5436,convergent,0,249
estrecharas,manejen,cobrados,0.3731,convergent,1,238
